query_id,query_file,sql,first_run_ms,warm_avg_ms,warm_median_ms,warm_min_ms,warm_max_ms,output_csv_bytes,status,error
0,benchmarks/queries/query_0.sql,SELECT COUNT(*) FROM hits;,0.00,0.00,0.00,0.00,0.00,0,ok,
1,benchmarks/queries/query_1.sql,SELECT COUNT(*) FROM hits WHERE AdvEngineID <> 0;,13.00,4.00,4.00,4.00,4.00,0,ok,
2,benchmarks/queries/query_2.sql,"SELECT SUM(AdvEngineID), COUNT(*), AVG(ResolutionWidth) FROM hits;",27.00,6.75,7.00,6.00,7.00,0,ok,
3,benchmarks/queries/query_3.sql,SELECT AVG(UserID) FROM hits;,21.00,5.00,5.00,5.00,5.00,0,ok,
4,benchmarks/queries/query_4.sql,SELECT COUNT(DISTINCT UserID) FROM hits;,60.00,55.50,37.00,35.00,113.00,0,ok,
5,benchmarks/queries/query_5.sql,SELECT COUNT(DISTINCT SearchPhrase) FROM hits;,46.00,25.50,25.50,25.00,26.00,0,ok,
6,benchmarks/queries/query_6.sql,"SELECT MIN(EventDate), MAX(EventDate) FROM hits;",0.00,0.00,0.00,0.00,0.00,0,ok,
7,benchmarks/queries/query_7.sql,"SELECT AdvEngineID, COUNT(*) FROM hits WHERE AdvEngineID <> 0 GROUP BY AdvEngineID ORDER BY COUNT(*) DESC;",16.00,7.00,7.00,7.00,7.00,0,ok,
8,benchmarks/queries/query_8.sql,"SELECT RegionID, COUNT(DISTINCT UserID) AS u FROM hits GROUP BY RegionID ORDER BY u DESC LIMIT 10;",219.00,185.50,184.00,176.00,198.00,0,ok,
9,benchmarks/queries/query_9.sql,"SELECT RegionID, SUM(AdvEngineID), COUNT(*) AS c, AVG(ResolutionWidth), COUNT(DISTINCT UserID) FROM hits GROUP BY RegionID ORDER BY c DESC LIMIT 10;",235.00,186.25,186.00,185.00,188.00,0,ok,
10,benchmarks/queries/query_10.sql,"SELECT MobilePhoneModel, COUNT(DISTINCT UserID) AS u FROM hits WHERE MobilePhoneModel <> '' GROUP BY MobilePhoneModel ORDER BY u DESC LIMIT 10;",287.00,253.75,253.50,253.00,255.00,0,ok,
11,benchmarks/queries/query_11.sql,"SELECT MobilePhone, MobilePhoneModel, COUNT(DISTINCT UserID) AS u FROM hits WHERE MobilePhoneModel <> '' GROUP BY MobilePhone, MobilePhoneModel ORDER BY u DESC LIMIT 10;",295.00,262.75,262.50,259.00,267.00,0,ok,
12,benchmarks/queries/query_12.sql,"SELECT SearchPhrase, COUNT(*) AS c FROM hits WHERE SearchPhrase <> '' GROUP BY SearchPhrase ORDER BY c DESC LIMIT 10;",228.00,204.75,205.00,204.00,205.00,0,ok,
13,benchmarks/queries/query_13.sql,"SELECT SearchPhrase, COUNT(DISTINCT UserID) AS u FROM hits WHERE SearchPhrase <> '' GROUP BY SearchPhrase ORDER BY u DESC LIMIT 10;",273.00,235.00,235.00,234.00,236.00,0,ok,
14,benchmarks/queries/query_14.sql,"SELECT SearchEngineID, SearchPhrase, COUNT(*) AS c FROM hits WHERE SearchPhrase <> '' GROUP BY SearchEngineID, SearchPhrase ORDER BY c DESC LIMIT 10;",240.00,257.25,258.00,225.00,288.00,0,ok,
15,benchmarks/queries/query_15.sql,"SELECT UserID, COUNT(*) FROM hits GROUP BY UserID ORDER BY COUNT(*) DESC LIMIT 10;",86.00,57.25,57.00,57.00,58.00,0,ok,
16,benchmarks/queries/query_16.sql,"SELECT UserID, SearchPhrase, COUNT(*) FROM hits GROUP BY UserID, SearchPhrase ORDER BY COUNT(*) DESC LIMIT 10;",143.00,137.25,113.00,94.00,229.00,0,ok,
17,benchmarks/queries/query_17.sql,"SELECT UserID, SearchPhrase, COUNT(*) FROM hits GROUP BY UserID, SearchPhrase LIMIT 10;",183.00,141.50,140.00,134.00,152.00,0,ok,
18,benchmarks/queries/query_18.sql,"SELECT UserID, extract(minute FROM EventTime) AS m, SearchPhrase, COUNT(*) FROM hits GROUP BY UserID, m, SearchPhrase ORDER BY COUNT(*) DESC LIMIT 10;",419.00,363.75,360.00,353.00,382.00,0,ok,
19,benchmarks/queries/query_19.sql,SELECT UserID FROM hits WHERE UserID = 435090932899640449;,2.00,0.00,0.00,0.00,0.00,0,ok,
20,benchmarks/queries/query_20.sql,SELECT COUNT(*) FROM hits WHERE URL LIKE '%google%';,156.00,98.50,98.50,97.00,100.00,0,ok,
21,benchmarks/queries/query_21.sql,"SELECT SearchPhrase, MIN(URL), COUNT(*) AS c FROM hits WHERE URL LIKE '%google%' AND SearchPhrase <> '' GROUP BY SearchPhrase ORDER BY c DESC LIMIT 10;",175.00,108.25,108.50,107.00,109.00,0,ok,
22,benchmarks/queries/query_22.sql,"SELECT SearchPhrase, MIN(URL), MIN(Title), COUNT(*) AS c, COUNT(DISTINCT UserID) FROM hits WHERE Title LIKE '%Google%' AND URL NOT LIKE '%.google.%' AND SearchPhrase <> '' GROUP BY SearchPhrase ORDER BY c DESC LIMIT 10;",269.00,186.25,180.00,179.00,206.00,0,ok,
23,benchmarks/queries/query_23.sql,SELECT * FROM hits WHERE URL LIKE '%google%' ORDER BY EventTime LIMIT 10;,282.00,185.50,180.00,157.00,225.00,0,ok,
24,benchmarks/queries/query_24.sql,SELECT SearchPhrase FROM hits WHERE SearchPhrase <> '' ORDER BY EventTime LIMIT 10;,79.00,16.25,16.00,16.00,17.00,0,ok,
25,benchmarks/queries/query_25.sql,SELECT SearchPhrase FROM hits WHERE SearchPhrase <> '' ORDER BY SearchPhrase LIMIT 10;,33.00,12.25,12.00,12.00,13.00,0,ok,
26,benchmarks/queries/query_26.sql,"SELECT SearchPhrase FROM hits WHERE SearchPhrase <> '' ORDER BY EventTime, SearchPhrase LIMIT 10;",74.00,16.00,16.00,16.00,16.00,0,ok,
27,benchmarks/queries/query_27.sql,"SELECT CounterID, AVG(STRLEN(URL)) AS l, COUNT(*) AS c FROM hits WHERE URL <> '' GROUP BY CounterID HAVING COUNT(*) > 100000 ORDER BY l DESC LIMIT 25;",449.00,404.00,402.00,393.00,419.00,0,ok,
28,benchmarks/queries/query_28.sql,"SELECT REGEXP_REPLACE(Referer, '^https?://(?:www\.)?([^/]+)/.*$', '\1') AS k, AVG(STRLEN(Referer)) AS l, COUNT(*) AS c, MIN(Referer) FROM hits WHERE Referer <> '' GROUP BY k HAVING COUNT(*) > 100000 ORDER BY l DESC LIMIT 25;",1239.00,905.50,899.50,853.00,970.00,0,ok,
29,benchmarks/queries/query_29.sql,"SELECT SUM(ResolutionWidth), SUM(ResolutionWidth + 1), SUM(ResolutionWidth + 2), SUM(ResolutionWidth + 3), SUM(ResolutionWidth + 4), SUM(ResolutionWidth + 5), SUM(ResolutionWidth + 6), SUM(ResolutionWidth + 7), SUM(ResolutionWidth + 8), SUM(ResolutionWidth + 9), SUM(ResolutionWidth + 10), SUM(ResolutionWidth + 11), SUM(ResolutionWidth + 12), SUM(ResolutionWidth + 13), SUM(ResolutionWidth + 14), SUM(ResolutionWidth + 15), SUM(ResolutionWidth + 16), SUM(ResolutionWidth + 17), SUM(ResolutionWidth + 18), SUM(ResolutionWidth + 19), SUM(ResolutionWidth + 20), SUM(ResolutionWidth + 21), SUM(ResolutionWidth + 22), SUM(ResolutionWidth + 23), SUM(ResolutionWidth + 24), SUM(ResolutionWidth + 25), SUM(ResolutionWidth + 26), SUM(ResolutionWidth + 27), SUM(ResolutionWidth + 28), SUM(ResolutionWidth + 29), SUM(ResolutionWidth + 30), SUM(ResolutionWidth + 31), SUM(ResolutionWidth + 32), SUM(ResolutionWidth + 33), SUM(ResolutionWidth + 34), SUM(ResolutionWidth + 35), SUM(ResolutionWidth + 36), SUM(ResolutionWidth + 37), SUM(ResolutionWidth + 38), SUM(ResolutionWidth + 39), SUM(ResolutionWidth + 40), SUM(ResolutionWidth + 41), SUM(ResolutionWidth + 42), SUM(ResolutionWidth + 43), SUM(ResolutionWidth + 44), SUM(ResolutionWidth + 45), SUM(ResolutionWidth + 46), SUM(ResolutionWidth + 47), SUM(ResolutionWidth + 48), SUM(ResolutionWidth + 49), SUM(ResolutionWidth + 50), SUM(ResolutionWidth + 51), SUM(ResolutionWidth + 52), SUM(ResolutionWidth + 53), SUM(ResolutionWidth + 54), SUM(ResolutionWidth + 55), SUM(ResolutionWidth + 56), SUM(ResolutionWidth + 57), SUM(ResolutionWidth + 58), SUM(ResolutionWidth + 59), SUM(ResolutionWidth + 60), SUM(ResolutionWidth + 61), SUM(ResolutionWidth + 62), SUM(ResolutionWidth + 63), SUM(ResolutionWidth + 64), SUM(ResolutionWidth + 65), SUM(ResolutionWidth + 66), SUM(ResolutionWidth + 67), SUM(ResolutionWidth + 68), SUM(ResolutionWidth + 69), SUM(ResolutionWidth + 70), SUM(ResolutionWidth + 71), SUM(ResolutionWidth + 72), SUM(ResolutionWidth + 73), SUM(ResolutionWidth + 74), SUM(ResolutionWidth + 75), SUM(ResolutionWidth + 76), SUM(ResolutionWidth + 77), SUM(ResolutionWidth + 78), SUM(ResolutionWidth + 79), SUM(ResolutionWidth + 80), SUM(ResolutionWidth + 81), SUM(ResolutionWidth + 82), SUM(ResolutionWidth + 83), SUM(ResolutionWidth + 84), SUM(ResolutionWidth + 85), SUM(ResolutionWidth + 86), SUM(ResolutionWidth + 87), SUM(ResolutionWidth + 88), SUM(ResolutionWidth + 89) FROM hits;",15.00,4.00,4.00,4.00,4.00,0,ok,
30,benchmarks/queries/query_30.sql,"SELECT SearchEngineID, ClientIP, COUNT(*) AS c, SUM(IsRefresh), AVG(ResolutionWidth) FROM hits WHERE SearchPhrase <> '' GROUP BY SearchEngineID, ClientIP ORDER BY c DESC LIMIT 10;",77.00,24.50,24.50,24.00,25.00,0,ok,
31,benchmarks/queries/query_31.sql,"SELECT WatchID, ClientIP, COUNT(*) AS c, SUM(IsRefresh), AVG(ResolutionWidth) FROM hits WHERE SearchPhrase <> '' GROUP BY WatchID, ClientIP ORDER BY c DESC LIMIT 10;",137.00,38.50,38.00,37.00,41.00,0,ok,
32,benchmarks/queries/query_32.sql,"SELECT WatchID, ClientIP, COUNT(*) AS c, SUM(IsRefresh), AVG(ResolutionWidth) FROM hits GROUP BY WatchID, ClientIP ORDER BY c DESC LIMIT 10;",481.00,390.25,385.50,378.00,412.00,0,ok,
33,benchmarks/queries/query_33.sql,"SELECT URL, COUNT(*) AS c FROM hits GROUP BY URL ORDER BY c DESC LIMIT 10;",256.00,196.75,194.00,191.00,208.00,0,ok,
34,benchmarks/queries/query_34.sql,"SELECT 1, URL, COUNT(*) AS c FROM hits GROUP BY 1, URL ORDER BY c DESC LIMIT 10;",381.00,274.25,230.50,204.00,432.00,0,ok,
35,benchmarks/queries/query_35.sql,"SELECT ClientIP, ClientIP - 1, ClientIP - 2, ClientIP - 3, COUNT(*) AS c FROM hits GROUP BY ClientIP, ClientIP - 1, ClientIP - 2, ClientIP - 3 ORDER BY c DESC LIMIT 10;",38.00,35.75,31.50,21.00,59.00,0,ok,
36,benchmarks/queries/query_36.sql,"SELECT URL, COUNT(*) AS PageViews FROM hits WHERE CounterID = 62 AND EventDate >= '2013-07-01' AND EventDate <= '2013-07-31' AND DontCountHits = 0 AND IsRefresh = 0 AND URL <> '' GROUP BY URL ORDER BY PageViews DESC LIMIT 10;",347.00,324.75,320.50,315.00,343.00,0,ok,
37,benchmarks/queries/query_37.sql,"SELECT Title, COUNT(*) AS PageViews FROM hits WHERE CounterID = 62 AND EventDate >= '2013-07-01' AND EventDate <= '2013-07-31' AND DontCountHits = 0 AND IsRefresh = 0 AND Title <> '' GROUP BY Title ORDER BY PageViews DESC LIMIT 10;",245.00,237.25,220.00,209.00,300.00,0,ok,
38,benchmarks/queries/query_38.sql,"SELECT URL, COUNT(*) AS PageViews FROM hits WHERE CounterID = 62 AND EventDate >= '2013-07-01' AND EventDate <= '2013-07-31' AND IsRefresh = 0 AND IsLink <> 0 AND IsDownload = 0 GROUP BY URL ORDER BY PageViews DESC LIMIT 10 OFFSET 1000;",97.00,47.25,47.00,47.00,48.00,0,ok,
39,benchmarks/queries/query_39.sql,"SELECT TraficSourceID, SearchEngineID, AdvEngineID, CASE WHEN (SearchEngineID = 0 AND AdvEngineID = 0) THEN Referer ELSE '' END AS Src, URL AS Dst, COUNT(*) AS PageViews FROM hits WHERE CounterID = 62 AND EventDate >= '2013-07-01' AND EventDate <= '2013-07-31' AND IsRefresh = 0 GROUP BY TraficSourceID, SearchEngineID, AdvEngineID, Src, Dst ORDER BY PageViews DESC LIMIT 10 OFFSET 1000;",396.00,348.00,348.00,346.00,350.00,0,ok,
40,benchmarks/queries/query_40.sql,"SELECT URLHash, EventDate, COUNT(*) AS PageViews FROM hits WHERE CounterID = 62 AND EventDate >= '2013-07-01' AND EventDate <= '2013-07-31' AND IsRefresh = 0 AND TraficSourceID IN (-1, 6) AND RefererHash = 3594120000172545465 GROUP BY URLHash, EventDate ORDER BY PageViews DESC LIMIT 10 OFFSET 100;",72.00,42.00,42.00,41.00,43.00,0,ok,
41,benchmarks/queries/query_41.sql,"SELECT WindowClientWidth, WindowClientHeight, COUNT(*) AS PageViews FROM hits WHERE CounterID = 62 AND EventDate >= '2013-07-01' AND EventDate <= '2013-07-31' AND IsRefresh = 0 AND DontCountHits = 0 AND URLHash = 2868770270353813622 GROUP BY WindowClientWidth, WindowClientHeight ORDER BY PageViews DESC LIMIT 10 OFFSET 10000;",62.00,29.25,29.50,28.00,30.00,0,ok,
42,benchmarks/queries/query_42.sql,"SELECT DATE_TRUNC('minute', EventTime) AS M, COUNT(*) AS PageViews FROM hits WHERE CounterID = 62 AND EventDate >= '2013-07-14' AND EventDate <= '2013-07-15' AND IsRefresh = 0 AND DontCountHits = 0 GROUP BY DATE_TRUNC('minute', EventTime) ORDER BY DATE_TRUNC('minute', EventTime) LIMIT 10 OFFSET 1000;",98.00,69.75,69.00,68.00,73.00,0,ok,
